URL,Title,Content
https://www.sciencedirect.com/science/article/abs/pii/S2214785322037075,ScienceDirect,"











ScienceDirect








Science Direct
































Journals &
Books








ScienceDirect help

















! There was a problem providing the content you requested


Please contact us via our
support center for more information and provide the details below.



Reference Number: 8be0639a98567410


IP Address: 102.0.3.104

User Agent: 
Timestamp:


::CLOUDFLARE_ERROR_1000S_BOX::










Elsevier



















About ScienceDirect
Shopping cart
Contact and
supportTerms and
conditionsPrivacy policy
We use cookies to help provide and enhance our service and tailor content and ads. By continuing you agree to the
use of
cookies.
Copyright ©
2020
Elsevier B.V. or its licensors or contributors. ScienceDirect ® is a registered trademark of Elsevier B.V.


RELX Group


































"
https://www.sciencedirect.com/science/article/abs/pii/S2214785322037075,ScienceDirect,"











ScienceDirect








Science Direct
































Journals &
Books








ScienceDirect help

















! There was a problem providing the content you requested


Please contact us via our
support center for more information and provide the details below.



Reference Number: 8c063b02694e977d


IP Address: 41.84.130.122

User Agent: 
Timestamp:


::CLOUDFLARE_ERROR_1000S_BOX::










Elsevier



















About ScienceDirect
Shopping cart
Contact and
supportTerms and
conditionsPrivacy policy
We use cookies to help provide and enhance our service and tailor content and ads. By continuing you agree to the
use of
cookies.
Copyright ©
2020
Elsevier B.V. or its licensors or contributors. ScienceDirect ® is a registered trademark of Elsevier B.V.


RELX Group


































"
https://www.sciencedirect.com/science/article/abs/pii/S2214785322037075,ScienceDirect,"











ScienceDirect








Science Direct
































Journals &
Books








ScienceDirect help

















! There was a problem providing the content you requested


Please contact us via our
support center for more information and provide the details below.



Reference Number: 8c07f5b47f3773b8


IP Address: 102.0.3.104

User Agent: 
Timestamp:


::CLOUDFLARE_ERROR_1000S_BOX::










Elsevier



















About ScienceDirect
Shopping cart
Contact and
supportTerms and
conditionsPrivacy policy
We use cookies to help provide and enhance our service and tailor content and ads. By continuing you agree to the
use of
cookies.
Copyright ©
2020
Elsevier B.V. or its licensors or contributors. ScienceDirect ® is a registered trademark of Elsevier B.V.


RELX Group


































"
https://www.sciencedirect.com/science/article/abs/pii/S2214785322037075,ScienceDirect,"











ScienceDirect








Science Direct
































Journals &
Books








ScienceDirect help

















! There was a problem providing the content you requested


Please contact us via our
support center for more information and provide the details below.



Reference Number: 8ce0564968467400


IP Address: 102.0.3.104

User Agent: 
Timestamp:


::CLOUDFLARE_ERROR_1000S_BOX::










Elsevier



















About ScienceDirect
Shopping cart
Contact and
supportTerms and
conditionsPrivacy policy
We use cookies to help provide and enhance our service and tailor content and ads. By continuing you agree to the
use of
cookies.
Copyright ©
2020
Elsevier B.V. or its licensors or contributors. ScienceDirect ® is a registered trademark of Elsevier B.V.


RELX Group


































"
https://www.sciencedirect.com/science/article/abs/pii/S2214785322037075,ScienceDirect,"











ScienceDirect








Science Direct
































Journals &
Books








ScienceDirect help

















! There was a problem providing the content you requested


Please contact us via our
support center for more information and provide the details below.



Reference Number: 8ce0bafbdef84fb7


IP Address: 102.0.3.104

User Agent: 
Timestamp:


::CLOUDFLARE_ERROR_1000S_BOX::










Elsevier



















About ScienceDirect
Shopping cart
Contact and
supportTerms and
conditionsPrivacy policy
We use cookies to help provide and enhance our service and tailor content and ads. By continuing you agree to the
use of
cookies.
Copyright ©
2020
Elsevier B.V. or its licensors or contributors. ScienceDirect ® is a registered trademark of Elsevier B.V.


RELX Group


































"
https://www.sciencedirect.com/science/article/abs/pii/S2214785322037075,ScienceDirect,"











ScienceDirect








Science Direct
































Journals &
Books








ScienceDirect help

















! There was a problem providing the content you requested


Please contact us via our
support center for more information and provide the details below.



Reference Number: 8ce14ff7480f4ebc


IP Address: 102.0.3.104

User Agent: 
Timestamp:


::CLOUDFLARE_ERROR_1000S_BOX::










Elsevier



















About ScienceDirect
Shopping cart
Contact and
supportTerms and
conditionsPrivacy policy
We use cookies to help provide and enhance our service and tailor content and ads. By continuing you agree to the
use of
cookies.
Copyright ©
2020
Elsevier B.V. or its licensors or contributors. ScienceDirect ® is a registered trademark of Elsevier B.V.


RELX Group


































"
https://www.sciencedirect.com/science/article/abs/pii/S2214785322037075,ScienceDirect,"











ScienceDirect








Science Direct
































Journals &
Books








ScienceDirect help

















! There was a problem providing the content you requested


Please contact us via our
support center for more information and provide the details below.



Reference Number: 8ce1538d4f6a73bd


IP Address: 102.0.3.104

User Agent: 
Timestamp:


::CLOUDFLARE_ERROR_1000S_BOX::










Elsevier



















About ScienceDirect
Shopping cart
Contact and
supportTerms and
conditionsPrivacy policy
We use cookies to help provide and enhance our service and tailor content and ads. By continuing you agree to the
use of
cookies.
Copyright ©
2020
Elsevier B.V. or its licensors or contributors. ScienceDirect ® is a registered trademark of Elsevier B.V.


RELX Group


































"
https://www.sciencedirect.com/science/article/abs/pii/S2214785322037075,ScienceDirect,"











ScienceDirect








Science Direct
































Journals &
Books








ScienceDirect help

















! There was a problem providing the content you requested


Please contact us via our
support center for more information and provide the details below.



Reference Number: 8ceceb7ee9e88a65


IP Address: 41.90.116.157

User Agent: 
Timestamp:


::CLOUDFLARE_ERROR_1000S_BOX::










Elsevier



















About ScienceDirect
Shopping cart
Contact and
supportTerms and
conditionsPrivacy policy
We use cookies to help provide and enhance our service and tailor content and ads. By continuing you agree to the
use of
cookies.
Copyright ©
2020
Elsevier B.V. or its licensors or contributors. ScienceDirect ® is a registered trademark of Elsevier B.V.


RELX Group


































"
